category,task_id,task_completion_rate,avg_precision,avg_recall,f1_score,prompt_tokens,completion_tokens
Webmall_Single_Product_Search,Webmall_Single_Product_Search_Task1,1,1.0,1.0,1.0,8577,200
Webmall_Single_Product_Search,Webmall_Single_Product_Search_Task2,1,1.0,1.0,1.0,9845,281
Webmall_Single_Product_Search,Webmall_Single_Product_Search_Task3,1,1.0,1.0,1.0,8589,234
Webmall_Single_Product_Search,Webmall_Single_Product_Search_Task4,1,1.0,1.0,1.0,10456,327
Webmall_Single_Product_Search,Webmall_Single_Product_Search_Task5,1,1.0,1.0,1.0,10679,266
Webmall_Single_Product_Search,Webmall_Single_Product_Search_Task6,1,1.0,1.0,1.0,20627,1535
Webmall_Single_Product_Search,Webmall_Single_Product_Search_Task7,1,1.0,1.0,1.0,9688,253
Webmall_Single_Product_Search,Webmall_Single_Product_Search_Task8,1,1.0,1.0,1.0,10469,378
Webmall_Single_Product_Search,Webmall_Single_Product_Search_Task9,1,1.0,1.0,1.0,9159,257
Webmall_Single_Product_Search,Webmall_Single_Product_Search_Task10,1,1.0,1.0,1.0,8899,201
Webmall_Single_Product_Search,Webmall_Single_Product_Search_Task11,1,1.0,1.0,1.0,10180,322
Webmall_Single_Product_Search,Webmall_Single_Product_Search_Task12,1,1.0,1.0,1.0,10480,424
Webmall_Cheapest_Product_Search,Webmall_Cheapest_Product_Search_Task1,1,1.0,1.0,1.0,9437,198
Webmall_Cheapest_Product_Search,Webmall_Cheapest_Product_Search_Task2,0,0.6666666666666666,1.0,0.8,15184,851
Webmall_Cheapest_Product_Search,Webmall_Cheapest_Product_Search_Task3,1,1.0,1.0,1.0,13148,461
Webmall_Cheapest_Product_Search,Webmall_Cheapest_Product_Search_Task4,1,1.0,1.0,1.0,11433,311
Webmall_Cheapest_Product_Search,Webmall_Cheapest_Product_Search_Task5,1,1.0,1.0,1.0,9133,226
Webmall_Cheapest_Product_Search,Webmall_Cheapest_Product_Search_Task6,1,1.0,1.0,1.0,12126,295
Webmall_Cheapest_Product_Search,Webmall_Cheapest_Product_Search_Task7,1,1.0,1.0,1.0,10239,376
Webmall_Cheapest_Product_Search,Webmall_Cheapest_Product_Search_Task8,1,1.0,1.0,1.0,9838,319
Webmall_Cheapest_Product_Search,Webmall_Cheapest_Product_Search_Task9,1,1.0,1.0,1.0,8329,203
Webmall_Cheapest_Product_Search,Webmall_Cheapest_Product_Search_Task10,1,1.0,1.0,1.0,10278,243
Webmall_Best_Fit_Specific,Webmall_Best_Fit_Specific_Task1,1,1.0,1.0,1.0,11259,272
Webmall_Best_Fit_Specific,Webmall_Best_Fit_Specific_Task2,0,1.0,0.6,0.7499999999999999,9365,281
Webmall_Best_Fit_Specific,Webmall_Best_Fit_Specific_Task3,1,1.0,1.0,1.0,12732,457
Webmall_Best_Fit_Specific,Webmall_Best_Fit_Specific_Task4,0,1.0,0.7272727272727273,0.8421052631578948,26795,1111
Webmall_Best_Fit_Specific,Webmall_Best_Fit_Specific_Task5,1,1.0,1.0,1.0,13444,563
Webmall_Best_Fit_Specific,Webmall_Best_Fit_Specific_Task6,1,1.0,1.0,1.0,10353,169
Webmall_Best_Fit_Specific,Webmall_Best_Fit_Specific_Task7,1,1.0,1.0,1.0,10312,367
Webmall_Best_Fit_Specific,Webmall_Best_Fit_Specific_Task8,0,0.5,0.08333333333333333,0.14285714285714285,12417,210
Webmall_Best_Fit_Specific,Webmall_Best_Fit_Specific_Task9,0,0.6666666666666666,1.0,0.8,11564,336
Webmall_Best_Fit_Specific,Webmall_Best_Fit_Specific_Task11,0,0.14285714285714285,0.16666666666666666,0.15384615384615383,17789,929
Webmall_Best_Fit_Vague,Webmall_Best_Fit_Vague_Task1,1,1.0,1.0,1.0,11928,441
Webmall_Best_Fit_Vague,Webmall_Best_Fit_Vague_Task2,0,0.5333333333333333,1.0,0.6956521739130436,19857,1401
Webmall_Best_Fit_Vague,Webmall_Best_Fit_Vague_Task3,0,0.0,0.0,0.0,20774,768
Webmall_Best_Fit_Vague,Webmall_Best_Fit_Vague_Task4,1,1.0,1.0,1.0,25460,1313
Webmall_Best_Fit_Vague,Webmall_Best_Fit_Vague_Task5,0,1.0,0.75,0.8571428571428571,11313,383
Webmall_Best_Fit_Vague,Webmall_Best_Fit_Vague_Task6,1,1.0,1.0,1.0,52250,313
Webmall_Best_Fit_Vague,Webmall_Best_Fit_Vague_Task7,0,0.0,0.0,0.0,10181,379
Webmall_Best_Fit_Vague,Webmall_Best_Fit_Vague_Task8,0,0.3333333333333333,0.5,0.4,14345,714
Webmall_Cheapest_Best_Fit_Specific,Webmall_Cheapest_Best_Fit_Specific_Task1,0,0.0,0.0,0.0,9472,243
Webmall_Cheapest_Best_Fit_Specific,Webmall_Cheapest_Best_Fit_Specific_Task2,1,1.0,1.0,1.0,11108,303
Webmall_Cheapest_Best_Fit_Specific,Webmall_Cheapest_Best_Fit_Specific_Task3,1,1.0,1.0,1.0,15817,533
Webmall_Cheapest_Best_Fit_Specific,Webmall_Cheapest_Best_Fit_Specific_Task4,1,1.0,1.0,1.0,19010,756
Webmall_Cheapest_Best_Fit_Specific,Webmall_Cheapest_Best_Fit_Specific_Task5,0,0.0,0.0,0.0,22292,782
Webmall_Cheapest_Best_Fit_Specific,Webmall_Cheapest_Best_Fit_Specific_Task6,0,0.0,0.0,0.0,9229,162
Webmall_Cheapest_Best_Fit_Specific,Webmall_Cheapest_Best_Fit_Specific_Task7,1,1.0,1.0,1.0,14346,499
Webmall_Cheapest_Best_Fit_Specific,Webmall_Cheapest_Best_Fit_Specific_Task8,0,0.0,0.0,0.0,16550,427
Webmall_Cheapest_Best_Fit_Specific,Webmall_Cheapest_Best_Fit_Specific_Task9,1,1.0,1.0,1.0,16979,653
Webmall_Cheapest_Best_Fit_Specific,Webmall_Cheapest_Best_Fit_Specific_Task10,1,1.0,1.0,1.0,19474,743
Webmall_Cheapest_Best_Fit_Vague,Webmall_Cheapest_Best_Fit_Vague_Task1,0,0.8,1.0,0.888888888888889,21250,614
Webmall_Cheapest_Best_Fit_Vague,Webmall_Cheapest_Best_Fit_Vague_Task2,1,1.0,1.0,1.0,11181,251
Webmall_Cheapest_Best_Fit_Vague,Webmall_Cheapest_Best_Fit_Vague_Task3,0,0.0,0.0,0.0,19840,826
Webmall_Cheapest_Best_Fit_Vague,Webmall_Cheapest_Best_Fit_Vague_Task4,0,0.0,0.0,0.0,40425,794
Webmall_Cheapest_Best_Fit_Vague,Webmall_Cheapest_Best_Fit_Vague_Task5,0,0.0,0.0,0.0,20914,627
Webmall_Cheapest_Best_Fit_Vague,Webmall_Cheapest_Best_Fit_Vague_Task6,0,0.0,0.0,0.0,51726,464
Webmall_Add_To_Cart,Webmall_Add_To_Cart_Task1,1,1.0,1.0,1.0,8534,319
Webmall_Add_To_Cart,Webmall_Add_To_Cart_Task2,1,1.0,1.0,1.0,8795,317
Webmall_Add_To_Cart,Webmall_Add_To_Cart_Task3,1,1.0,1.0,1.0,9263,336
Webmall_Add_To_Cart,Webmall_Add_To_Cart_Task4,1,1.0,1.0,1.0,9046,381
Webmall_Add_To_Cart,Webmall_Add_To_Cart_Task5,0,0.5,1.0,0.6666666666666666,15314,441
Webmall_Add_To_Cart,Webmall_Add_To_Cart_Task6,1,1.0,1.0,1.0,9023,323
Webmall_Add_To_Cart,Webmall_Add_To_Cart_Task7,0,0.5,1.0,0.6666666666666666,9312,525
Webmall_Find_Compatible_Products,Webmall_Find_Compatible_Products_Task1,0,0.3333333333333333,0.3333333333333333,0.3333333333333333,9563,336
Webmall_Find_Compatible_Products,Webmall_Find_Compatible_Products_Task2,0,0.5,1.0,0.6666666666666666,16445,823
Webmall_Find_Compatible_Products,Webmall_Find_Compatible_Products_Task3,1,1.0,1.0,1.0,17596,454
Webmall_Find_Compatible_Products,Webmall_Find_Compatible_Products_Task4,0,0.75,1.0,0.8571428571428571,23125,592
Webmall_Find_Compatible_Products,Webmall_Find_Compatible_Products_Task5,0,0.5,1.0,0.6666666666666666,10776,264
Webmall_Substitutes,Webmall_Substitutes_Task1,0,0.0,0.0,0.0,14845,398
Webmall_Substitutes,Webmall_Substitutes_Task2,1,1.0,1.0,1.0,12349,374
Webmall_Substitutes,Webmall_Substitutes_Task3,0,0.5,1.0,0.6666666666666666,18161,723
Webmall_Substitutes,Webmall_Substitutes_Task4,0,0.0,0.0,0.0,22404,671
Webmall_Substitutes,Webmall_Substitutes_Task5,0,0.0,0.0,0.0,11481,315
Webmall_Substitutes,Webmall_Substitutes_Task6,0,0.0,0.0,0.0,11976,268
Webmall_Checkout,Webmall_Checkout_Task1,1,1.0,1.0,1.0,6341,190
Webmall_Checkout,Webmall_Checkout_Task2,1,1.0,1.0,1.0,6629,216
Webmall_Checkout,Webmall_Checkout_Task3,1,1.0,1.0,1.0,6531,208
Webmall_Checkout,Webmall_Checkout_Task4,1,1.0,1.0,1.0,6869,244
Webmall_Checkout,Webmall_Checkout_Task5,1,1.0,1.0,1.0,6437,196
Webmall_Checkout,Webmall_Checkout_Task6,1,1.0,1.0,1.0,6504,206
Webmall_Checkout,Webmall_Checkout_Task7,1,1.0,1.0,1.0,6780,242
Webmall_Checkout,Webmall_Checkout_Task8,1,1.0,1.0,1.0,6905,246
Webmall_EndToEnd,Webmall_EndToEnd_Task1,1,1.0,1.0,1.0,20105,361
Webmall_EndToEnd,Webmall_EndToEnd_Task2,1,1.0,1.0,1.0,18372,377
Webmall_EndToEnd,Webmall_EndToEnd_Task3,1,1.0,1.0,1.0,19690,338
Webmall_EndToEnd,Webmall_EndToEnd_Task4,1,1.0,1.0,1.0,20933,378
Webmall_EndToEnd,Webmall_EndToEnd_Task5,1,1.0,1.0,1.0,23605,484
Webmall_EndToEnd,Webmall_EndToEnd_Task6,1,1.0,1.0,1.0,19298,354
Webmall_EndToEnd,Webmall_EndToEnd_Task7,1,1.0,1.0,1.0,40064,859
Webmall_EndToEnd,Webmall_EndToEnd_Task8,0,0.5,0.5,0.5,51344,734
